product,homeProduct
DP1.10102.001,depends
DP1.10099.001,depends
DP1.10053.001,DP1.10026.001
DP1.10031.001,DP1.10033.001
DP1.10101.001,DP1.10033.001
DP1.10080.001,DP1.10086.001
DP1.10078.001,DP1.10086.001
DP1.10100.001,DP1.10086.001
DP1.10008.001,DP1.10047.001
DP1.00097.001,DP1.00096.001
