product,homeProduct
DP1.10045.001,DP1.10098.001
DP1.20197.001,DP1.20194.001
